Excursión,Distancia en kilómetros,Altimetría en metros,Valle,Dificultad
"Pradera de Ordesa - Cola de Caballo","17,5","500","Valle de Ordesa","difícil"
"Pradera de Ordesa - Senda de Cazadores - Faja de Pelay - Cola de Caballo","20,1","890","Valle de Ordesa","difícil"
"San Nicolás de Bujaruelo - Valle de Otal","13,5","315","Valle de Ordesa","moderada"
"Paseo por San Nicolás de Bujaruelo","3,4","55","Valle de Ordesa","fácil"
"Ruta de las Ermitas de Tella","2,3","80","Valle de Escuaín","fácil"
"Miradores de Revilla - Angonés","4,5","200","Valle de Escuaín","fácil"
"Cascada del Cinca y cascadas de Lalarri","7","500","Valle de Pineta","moderada"
"Bosque de Gamueta desde el refugio de Linza","7,5","415","Valles Occidentales","moderada"
"Selva de Oza - Puente de Santa Ana","15","1000","Valle de Hecho","difícil"
"Camino Natural del embalse de Lanuza","6,5","85","Valle de Tena","fácil"
"Mirador de San Mamés","0,7","37","Valle de Tena","fácil"
"Cascada de El Salto","2,2","84","Valle de Tena","fácil"
"Formigal - Ibones de Anayet","11,4","660","Valle de Tena","moderada"
"Sallent de Gállego - Refugio de Respomuso","11,9","995","Valle de Tena","difícil"
"Balneario de Panticosa - Ibones Azules","12,6","905","Valle de Tena","difícil"
"Balneario de Panticosa - Picos del Infierno","16,6","1597","Valle de Tena","muy difícil"
"Camino de las Palizas","5","240","Valle de Tena","fácil"
"Cascada de Orós Bajo","1,4","70","Valle de Tena","fácil"
"Circular del Bosque de Betato","4,6","221","Valle de Tena","fácil"
"Ibón de Espelunciecha","4,2","215","Valle de Tena","fácil"
"Benasque - Cerler - Anciles","9,7","454","Valle de Benasque","moderada"
"Forau y cascada de Aigualluts","7","400","Valle de Benasque","moderada"
"Ibones de Villamuerta desde La Besurta","2,8","185","Valle de Benasque","fácil"
"Gorgas de Alba","2,5","130","Valle de Benasque","fácil"
"Cascada de Ardonés - Tres Cascadas de Cerler","7,12","256","Valle de Benasque","moderada"
"Espigantosa - Refugio Ángel Orús","7","600","Valle de Benasque","difícil"
"Ibones de Batisielles y Escarpinosa","14","800","Valle de Benasque","difícil"
"Valle de Literola - Ibonet de Literola","8,8","930","Valle de Benasque","difícil"
"Sahún - Ibones de Barbarisa","19,4","1545","Valle de Benasque","muy difícil"
"Hospital de Benasque - Tuca de Salvaguardia","11","1000","Valle de Benasque","difícil"
"Maladeta Oriental y Pico Abadías","12,5","960","Valle de Benasque","muy difícil"
"Vallibierna y Tuca de Culebras por Llauset","12","900","Valle de Barrabés","muy difícil"
"Aneto desde La Besurta por Portillón Superior","14,8","1515","Valle de Benasque","muy difícil"
"La Besurta - Refugio de La Renclusa","3,5","235","Valle de Benasque","fácil"
"La Besurta - Portillón de Benasque","7,5","560","Valle de Benasque","moderada"
"La Besurta - Tuca de Mulleres","18,5","1170","Valle de Benasque","muy difícil"
"La Besurta - Tuca de Paderna","9","800","Valle de Benasque","difícil"
"Posets por el refugio Ángel Orús","16","1875","Valle de Benasque","muy difícil"
"Posets por la cresta de Espadas","17,5","2050","Valle de Benasque","muy difícil"
"Ruta circular al Refugio de Estós e Ibonet de Batisielles","18,4","1063","Valle de Benasque","difícil"
"Jasa - Aísa","5,7","310","Valle de Aragón / Valles Occidentales","moderada"
"Lizara - Ibón de Estanés","17,2","970","Valle de Aragüés / Valle de los Sarrios","difícil"
"Canfranc pueblo - Canal Roya","8","—","Valle del Aragón","moderada"
"La Mina - Ibón de Estanés","25,9","—","Valle de Hecho / Aragón","difícil"
"Fanlo - Broto","19,9","—","Valle de Vió / Ordesa","difícil"
"Plan de Senarta - Refugio de La Renclusa","14","—","Valle de Benasque","difícil"
"Ermita de San Úrbez - Buerba","3,8","—","Cañón de Añisclo","fácil"
"El Bosque del Señor","6,5","—","Valle de Vió","moderada"
